1,2017/11/26,10:00-11:00
2,2017/11/26,11:00-12:00
3,2017/11/26,12:00-13:00
4,2017/11/26,13:00-14:00
5,2017/11/26,14:00-15:00
6,2017/11/26,15:00-16:00
7,2017/11/26,16:00-17:00
8,2017/11/26,17:00-18:00
9,2017/11/26,18:00-19:00
10,2017/11/26,19:00-20:00
11,2017/11/27,10:00-11:00
12,2017/11/27,11:00-12:00
13,2017/11/27,12:00-13:00
14,2017/11/27,13:00-14:00
15,2017/11/27,14:00-15:00
16,2017/11/27,15:00-16:00
17,2017/11/27,16:00-17:00
18,2017/11/27,17:00-18:00
19,2017/11/27,18:00-19:00
20,2017/11/27,19:00-20:00
21,2017/11/28,10:00-11:00
22,2017/11/28,11:00-12:00
23,2017/11/28,12:00-13:00
24,2017/11/28,13:00-14:00
25,2017/11/28,14:00-15:00
26,2017/11/28,15:00-16:00
27,2017/11/28,16:00-17:00
28,2017/11/28,17:00-18:00
29,2017/11/28,18:00-19:00
30,2017/11/28,19:00-20:00
31,2017/11/29,10:00-11:00
32,2017/11/29,11:00-12:00
33,2017/11/29,12:00-13:00
34,2017/11/29,13:00-14:00
35,2017/11/29,14:00-15:00
36,2017/11/29,15:00-16:00
37,2017/11/29,16:00-17:00
38,2017/11/29,17:00-18:00
39,2017/11/29,18:00-19:00
40,2017/11/29,19:00-20:00
41,2017/11/30,10:00-11:00
42,2017/11/30,11:00-12:00
43,2017/11/30,12:00-13:00
44,2017/11/30,13:00-14:00
45,2017/11/30,14:00-15:00
46,2017/11/30,15:00-16:00
47,2017/11/30,16:00-17:00
48,2017/11/30,17:00-18:00
49,2017/11/30,18:00-19:00
50,2017/11/30,19:00-20:00
51,2017/12/01,10:00-11:00
52,2017/12/01,11:00-12:00
53,2017/12/01,12:00-13:00
54,2017/12/01,13:00-14:00
55,2017/12/01,14:00-15:00
56,2017/12/01,15:00-16:00
57,2017/12/01,16:00-17:00
58,2017/12/01,17:00-18:00
59,2017/12/01,18:00-19:00
60,2017/12/01,19:00-20:00
61,2017/12/02,10:00-11:00
62,2017/12/02,11:00-12:00
63,2017/12/02,12:00-13:00
64,2017/12/02,13:00-14:00
65,2017/12/02,14:00-15:00
66,2017/12/02,15:00-16:00
67,2017/12/02,16:00-17:00
68,2017/12/02,17:00-18:00
69,2017/12/02,18:00-19:00
70,2017/12/02,19:00-20:00
71,2017/12/03,10:00-11:00
72,2017/12/03,11:00-12:00
73,2017/12/03,12:00-13:00
74,2017/12/03,13:00-14:00
75,2017/12/03,14:00-15:00
76,2017/12/03,15:00-16:00
77,2017/12/03,16:00-17:00
78,2017/12/03,17:00-18:00
79,2017/12/03,18:00-19:00
80,2017/12/03,19:00-20:00
81,2017/12/04,10:00-11:00
82,2017/12/04,11:00-12:00
83,2017/12/04,12:00-13:00
84,2017/12/04,13:00-14:00
85,2017/12/04,14:00-15:00
86,2017/12/04,15:00-16:00
87,2017/12/04,16:00-17:00
88,2017/12/04,17:00-18:00
89,2017/12/04,18:00-19:00
90,2017/12/04,19:00-20:00
91,2017/12/05,10:00-11:00
92,2017/12/05,11:00-12:00
93,2017/12/05,12:00-13:00
94,2017/12/05,13:00-14:00
95,2017/12/05,14:00-15:00
96,2017/12/05,15:00-16:00
97,2017/12/05,16:00-17:00
98,2017/12/05,17:00-18:00
99,2017/12/05,18:00-19:00
100,2017/12/05,19:00-20:00
101,2017/12/06,10:00-11:00
102,2017/12/06,11:00-12:00
103,2017/12/06,12:00-13:00
104,2017/12/06,13:00-14:00
105,2017/12/06,14:00-15:00
106,2017/12/06,15:00-16:00
107,2017/12/06,16:00-17:00
108,2017/12/06,17:00-18:00
109,2017/12/06,18:00-19:00
110,2017/12/06,19:00-20:00
111,2017/12/07,10:00-11:00
112,2017/12/07,11:00-12:00
113,2017/12/07,12:00-13:00
114,2017/12/07,13:00-14:00
115,2017/12/07,14:00-15:00
116,2017/12/07,15:00-16:00
117,2017/12/07,16:00-17:00
118,2017/12/07,17:00-18:00
119,2017/12/07,18:00-19:00
120,2017/12/07,19:00-20:00
121,2017/12/08,10:00-11:00
122,2017/12/08,11:00-12:00
123,2017/12/08,12:00-13:00
124,2017/12/08,13:00-14:00
125,2017/12/08,14:00-15:00
126,2017/12/08,15:00-16:00
127,2017/12/08,16:00-17:00
128,2017/12/08,17:00-18:00
129,2017/12/08,18:00-19:00
130,2017/12/08,19:00-20:00
131,2017/12/09,10:00-11:00
132,2017/12/09,11:00-12:00
133,2017/12/09,12:00-13:00
134,2017/12/09,13:00-14:00
135,2017/12/09,14:00-15:00
136,2017/12/09,15:00-16:00
137,2017/12/09,16:00-17:00
138,2017/12/09,17:00-18:00
139,2017/12/09,18:00-19:00
140,2017/12/09,19:00-20:00
141,2017/12/10,10:00-11:00
142,2017/12/10,11:00-12:00
143,2017/12/10,12:00-13:00
144,2017/12/10,13:00-14:00
145,2017/12/10,14:00-15:00
146,2017/12/10,15:00-16:00
147,2017/12/10,16:00-17:00
148,2017/12/10,17:00-18:00
149,2017/12/10,18:00-19:00
150,2017/12/10,19:00-20:00
151,2017/12/11,10:00-11:00
152,2017/12/11,11:00-12:00
153,2017/12/11,12:00-13:00
154,2017/12/11,13:00-14:00
155,2017/12/11,14:00-15:00
156,2017/12/11,15:00-16:00
157,2017/12/11,16:00-17:00
158,2017/12/11,17:00-18:00
159,2017/12/11,18:00-19:00
160,2017/12/11,19:00-20:00
161,2017/12/12,10:00-11:00
162,2017/12/12,11:00-12:00
163,2017/12/12,12:00-13:00
164,2017/12/12,13:00-14:00
165,2017/12/12,14:00-15:00
166,2017/12/12,15:00-16:00
167,2017/12/12,16:00-17:00
168,2017/12/12,17:00-18:00
169,2017/12/12,18:00-19:00
170,2017/12/12,19:00-20:00
171,2017/12/13,10:00-11:00
172,2017/12/13,11:00-12:00
173,2017/12/13,12:00-13:00
174,2017/12/13,13:00-14:00
175,2017/12/13,14:00-15:00
176,2017/12/13,15:00-16:00
177,2017/12/13,16:00-17:00
178,2017/12/13,17:00-18:00
179,2017/12/13,18:00-19:00
180,2017/12/13,19:00-20:00
181,2017/12/14,10:00-11:00
182,2017/12/14,11:00-12:00
183,2017/12/14,12:00-13:00
184,2017/12/14,13:00-14:00
185,2017/12/14,14:00-15:00
186,2017/12/14,15:00-16:00
187,2017/12/14,16:00-17:00
188,2017/12/14,17:00-18:00
189,2017/12/14,18:00-19:00
190,2017/12/14,19:00-20:00
191,2017/12/15,10:00-11:00
192,2017/12/15,11:00-12:00
193,2017/12/15,12:00-13:00
194,2017/12/15,13:00-14:00
195,2017/12/15,14:00-15:00
196,2017/12/15,15:00-16:00
197,2017/12/15,16:00-17:00
198,2017/12/15,17:00-18:00
199,2017/12/15,18:00-19:00
200,2017/12/15,19:00-20:00
201,2017/12/16,10:00-11:00
202,2017/12/16,11:00-12:00
203,2017/12/16,12:00-13:00
204,2017/12/16,13:00-14:00
205,2017/12/16,14:00-15:00
206,2017/12/16,15:00-16:00
207,2017/12/16,16:00-17:00
208,2017/12/16,17:00-18:00
209,2017/12/16,18:00-19:00
210,2017/12/16,19:00-20:00
211,2017/12/17,10:00-11:00
212,2017/12/17,11:00-12:00
213,2017/12/17,12:00-13:00
214,2017/12/17,13:00-14:00
215,2017/12/17,14:00-15:00
216,2017/12/17,15:00-16:00
217,2017/12/17,16:00-17:00
218,2017/12/17,17:00-18:00
219,2017/12/17,18:00-19:00
220,2017/12/17,19:00-20:00
221,2017/12/18,10:00-11:00
222,2017/12/18,11:00-12:00
223,2017/12/18,12:00-13:00
224,2017/12/18,13:00-14:00
225,2017/12/18,14:00-15:00
226,2017/12/18,15:00-16:00
227,2017/12/18,16:00-17:00
228,2017/12/18,17:00-18:00
229,2017/12/18,18:00-19:00
230,2017/12/18,19:00-20:00
231,2017/12/19,10:00-11:00
232,2017/12/19,11:00-12:00
233,2017/12/19,12:00-13:00
234,2017/12/19,13:00-14:00
235,2017/12/19,14:00-15:00
236,2017/12/19,15:00-16:00
237,2017/12/19,16:00-17:00
238,2017/12/19,17:00-18:00
239,2017/12/19,18:00-19:00
240,2017/12/19,19:00-20:00
241,2017/12/20,10:00-11:00
242,2017/12/20,11:00-12:00
243,2017/12/20,12:00-13:00
244,2017/12/20,13:00-14:00
245,2017/12/20,14:00-15:00
246,2017/12/20,15:00-16:00
247,2017/12/20,16:00-17:00
248,2017/12/20,17:00-18:00
249,2017/12/20,18:00-19:00
250,2017/12/20,19:00-20:00
251,2017/12/21,10:00-11:00
252,2017/12/21,11:00-12:00
253,2017/12/21,12:00-13:00
254,2017/12/21,13:00-14:00
255,2017/12/21,14:00-15:00
256,2017/12/21,15:00-16:00
257,2017/12/21,16:00-17:00
258,2017/12/21,17:00-18:00
259,2017/12/21,18:00-19:00
260,2017/12/21,19:00-20:00
261,2017/12/22,10:00-11:00
262,2017/12/22,11:00-12:00
263,2017/12/22,12:00-13:00
264,2017/12/22,13:00-14:00
265,2017/12/22,14:00-15:00
266,2017/12/22,15:00-16:00
267,2017/12/22,16:00-17:00
268,2017/12/22,17:00-18:00
269,2017/12/22,18:00-19:00
270,2017/12/22,19:00-20:00
271,2017/12/23,10:00-11:00
272,2017/12/23,11:00-12:00
273,2017/12/23,12:00-13:00
274,2017/12/23,13:00-14:00
275,2017/12/23,14:00-15:00
276,2017/12/23,15:00-16:00
277,2017/12/23,16:00-17:00
278,2017/12/23,17:00-18:00
279,2017/12/23,18:00-19:00
280,2017/12/23,19:00-20:00
281,2017/12/24,10:00-11:00
282,2017/12/24,11:00-12:00
283,2017/12/24,12:00-13:00
284,2017/12/24,13:00-14:00
285,2017/12/24,14:00-15:00
286,2017/12/24,15:00-16:00
287,2017/12/24,16:00-17:00
288,2017/12/24,17:00-18:00
289,2017/12/24,18:00-19:00
290,2017/12/24,19:00-20:00
291,2017/12/25,10:00-11:00
292,2017/12/25,11:00-12:00
293,2017/12/25,12:00-13:00
294,2017/12/25,13:00-14:00
295,2017/12/25,14:00-15:00
296,2017/12/25,15:00-16:00
297,2017/12/25,16:00-17:00
298,2017/12/25,17:00-18:00
299,2017/12/25,18:00-19:00
300,2017/12/25,19:00-20:00
301,2017/12/26,10:00-11:00
302,2017/12/26,11:00-12:00
303,2017/12/26,12:00-13:00
304,2017/12/26,13:00-14:00
305,2017/12/26,14:00-15:00
306,2017/12/26,15:00-16:00
307,2017/12/26,16:00-17:00
308,2017/12/26,17:00-18:00
309,2017/12/26,18:00-19:00
310,2017/12/26,19:00-20:00
311,2017/12/27,10:00-11:00
312,2017/12/27,11:00-12:00
313,2017/12/27,12:00-13:00
314,2017/12/27,13:00-14:00
315,2017/12/27,14:00-15:00
316,2017/12/27,15:00-16:00
317,2017/12/27,16:00-17:00
318,2017/12/27,17:00-18:00
319,2017/12/27,18:00-19:00
320,2017/12/27,19:00-20:00
321,2017/12/28,10:00-11:00
322,2017/12/28,11:00-12:00
323,2017/12/28,12:00-13:00
324,2017/12/28,13:00-14:00
325,2017/12/28,14:00-15:00
326,2017/12/28,15:00-16:00
327,2017/12/28,16:00-17:00
328,2017/12/28,17:00-18:00
329,2017/12/28,18:00-19:00
330,2017/12/28,19:00-20:00
331,2017/12/29,10:00-11:00
332,2017/12/29,11:00-12:00
333,2017/12/29,12:00-13:00
334,2017/12/29,13:00-14:00
335,2017/12/29,14:00-15:00
336,2017/12/29,15:00-16:00
337,2017/12/29,16:00-17:00
338,2017/12/29,17:00-18:00
339,2017/12/29,18:00-19:00
340,2017/12/29,19:00-20:00
341,2017/12/30,10:00-11:00
342,2017/12/30,11:00-12:00
343,2017/12/30,12:00-13:00
344,2017/12/30,13:00-14:00
345,2017/12/30,14:00-15:00
346,2017/12/30,15:00-16:00
347,2017/12/30,16:00-17:00
348,2017/12/30,17:00-18:00
349,2017/12/30,18:00-19:00
350,2017/12/30,19:00-20:00
351,2017/12/31,10:00-11:00
352,2017/12/31,11:00-12:00
353,2017/12/31,12:00-13:00
354,2017/12/31,13:00-14:00
355,2017/12/31,14:00-15:00
356,2017/12/31,15:00-16:00
357,2017/12/31,16:00-17:00
358,2017/12/31,17:00-18:00
359,2017/12/31,18:00-19:00
360,2017/12/31,19:00-20:00